{
  "a": 5.071206527525586,
  "b": -32.605553369079395,
  "c": 1083.1991333618196,
  "ref_date": "2012-07-17"
}