{
  "a": 5.513956700595434,
  "b": -36.57545344836187,
  "c": 726.7109229128972,
  "ref_date": "2011-01-03"
}